{
    "env": {
        "name": "Local Development"
    },
    "apiServer": {
        "https": "http://localhost.8080/api/v1.0/",
        "rule": "http://localhost.8080/api/v1.0/"
    },
    "baseurl": "http://localhost.8080",
    "questiontitle": "View Questions",
    "questionCreateText": "Create New Question",
    "question": {
        "id": "",
        "questionCategory": "Question Category",
        "genericQuestion": "Qeneric Question",
        "connotation": "Connotation",
        "percentile": "Percentile",
        "summaryReport": "Summary Report",
        "status": "Status",
        "questionSharedList": "Question Shared List",
        "choiceList": "Choice List"
    },
    "questiondashboardHeader": {
        "questionCategory": "Question Category",
        "genericQuestion": "Generic Question",
        "connotation": "Connotation",
        "percentile": "Percentile",
        "summaryReport": "Summary Report",
        "status": "Status",
        "createDate": "Created Date",
        "modifiedDate": "Modified Date",
        "surveylink": "Survey Link",
        "action": "Edit"
    },
    "surveyPopHeader": {
        "surveyId": " Survey Id",
        "surveyCode": "Survey Code",
        "createdDt": "Survey Date"
    },
    "questionDashboardTableColumns": {
        "category": "questionCategoryDesc",
        "genericText": "genericText",
        "connotation": "questionPosNegFlag",
        "percentile": "percentileYn",
        "summaryreport": "summRptYn",
        "status": "activeYn",
        "createDate": "createdDt",
        "modifieddate": "lastUpdatedDt",
        "surveylink": "surveylink",
        "action": "action"
    },
    "surveyPopColums": {
        "surveyId": "surveyId",
        "surveyCode": "surveyCode",
        "createdDt": "createdDt"
    },
    "questionDashboardFillterTableColumns": {
        "fcategory": "filter_catrgory",
        "fgenericText": "filter_generic_question",
        "fconnotation": "filter_connotation",
        "fpercentile": "filter_percentile",
        "fsummaryreport": "filter_summaryreport",
        "fstatus": "filter_status",
        "fcreateDate": "filter_createdate",
        "fmodifieddate": "filter_modifieddate",
        "fsurveylink": "filter_surveylink",
        "faction": "filter_action"
    },
    "connotationList": [
        {
            "connotationId": "",
            "connotationDesc": "All"
        },
        {
            "connotationId": "Y",
            "connotationDesc": "Positive(+)"
        },
        {
            "connotationId": "N",
            "connotationDesc": "Negative(-)"
        },
        {
            "connotationId": "null",
            "connotationDesc": "Neutral"
        }
       
    ],
    "percentileList": [
        {
            "percentileId": "",
            "percentileDesc": "All"
        },
        {
            "percentileId": "Y",
            "percentileDesc": "Yes"
        },
        {
            "percentileId": "N",
            "percentileDesc": "No"
        }
       
    ],
    "summaryReportList": [
        {
            "summaryReportId": "",
            "summaryReportDesc": "All"
        },
        {
            "summaryReportId": "Y",
            "summaryReportDesc": "Yes"
        },
        {
            "summaryReportId": "N",
            "summaryReportDesc": "No"
        }
       
    ],
    "statusList": [
        {
            "statusId": "",
            "statusDesc": "All"
        },
        {
            "statusId": "Y",
            "statusDesc": "Active"
        },
        {
            "statusId": "N",
            "statusDesc": "Inactive"
        }
        
    ],
    
    "validationMsg": "Please enter ",
    "choiceTitle": "View Choices",
    "choiceCreateText": "Create New Choice",
    "choiceDashboardHeader": {
        "choiceLibraryDesc": "Choice Name",
        "posNegFlag": "flag",
        "activeYn": "status",
        "createdBy": "created By",
        "createdDt": "created Date",
        "lastUpdatedDt": "Modified Date",
        "surveylink": "survey link",
        "action": "Edit"
    },
    "choiceDashboardTableColumns": {
        "choiceLibraryDesc": "choiceLibraryDesc",
        "posNegFlag": "posNegFlag",
        "activeYn": "activeYn",
        "createdBy": "createdBy",
        "createdDt": "createdDt",
        "lastUpdatedDt": "lastUpdatedDt",
        "surveylink": "surveylink",
        "action": "action"
    },
    "choiceDashboardFillterTableColumns": {
        "fchoiceLibraryDesc": "fchoiceLibraryDesc",
        "fposNegFlag": "fposNegFlag",
        "factiveYn": "factiveYn",
        "fcreatedBy": "fcreatedBy",
        "fcreatedDt": "fcreatedDt",
        "flastUpdatedDt": "flastUpdatedDt",
        "fsurveylink": "fsurveylink",
        "faction": "faction"
    },
    "choiceModel": {
        "choiceLibraryId": "",
        "choiceLibraryDesc": "Choice Description",
        "posNegFlag": "Flag",
        "activeYn": "Status",
        "createdBy": "Created By",
        "createdDt": "Created Date",
        "lastUpdatedBy": "Modified By",
        "lastUpdatedDt": "Modified Date",
        "choiceName" : "Choice Name",
        "sharedList": "Select From Choice Shared Lists"
    },
    "choiceCreateLable": {
        "id": "",
        "questionCategory": "Question Category",
        "genericQuestion": "Qeneric Question",
        "connotation": "Connotation",
        "percentile": "Percentile",
        "summaryReport": "Summary Report",
        "status": "Status",
        "questionSharedList": "Question Shared List",
        "choiceList": "Choice List",
        "choiceName": "ChoiceName"
    },
    "choicePosNegFlagList": [
        {
            "choicePosNegFlagId": "",
            "choicePosNegFlagDesc": "All"
        },
        {
            "choicePosNegFlagId": "P",
            "choicePosNegFlagDesc": "Positive(+)"
        },
        {
            "choicePosNegFlagId": "N",
            "choicePosNegFlagDesc": "Negative(-)"
        }   
    ],
    "choiceActiveYn": [
        {
            "activeId": "",
            "activeDesc": "All"
        },
        {
            "activeId": "Y",
            "activeDesc": "Active"
        },
        {
            "activeId": "N",
            "activeDesc": "Inactive"
        }
        
    ], 
    "SharedChoiceCreate": "Create New Shared Choices",
    "SharedQuestionCreate":"Create New Shared Question",
    "SharedEdit":"Edit",
    "SharedListTitle":"Shared List",
    "SharedChoiceModel":{
        "sharedChoiceId":"string",
        "sharedChoiceName": "Shared Choice Name",
        "sharedChoiceDesc": "Choice Description",
        "sharedChoiceList": "Select From Choice List"

    }
}