{
    "content":[
       {
          "questionLibraryId":6137,
          "genericText":"test",
          "activeYn":"N",
          "combinedNormId":null,
          "percentileYn":"Y",
          "questionPosNegFlag":"N",
          "questionSortOrder":null,
          "summRptYn":"Y",
          "createdBy":null,
          "createdDt":null,
          "lastUpdatedBy":null,
          "lastUpdatedDt":null,
          "questionCategoryId":1,
          "questionCategoryDesc":"AD - ADDS ENJOYMENT 3PT",
          "surveyIDs" : "123,987,566",         
          "surveyLinks":[
            {
              "surveyId": 8068,
              "surveyCode": "NPA0102008",
              "createdDt": "2008-09-22"
            },
            {
              "surveyId": 10518,
              "surveyCode": "CPA0092008W5",
              "createdDt": null
            },
            {
              "surveyId": 10470,
              "surveyCode": "CPA0012008W10",
              "createdDt": null
            }
         ]
       },
       {
          "questionLibraryId":5382,
          "genericText":"TONIGHT SHOW WITH JAY LENO",
          "activeYn":"Y",
          "combinedNormId":null,
          "percentileYn":"N",
          "questionPosNegFlag":null,
          "questionSortOrder":99999,
          "summRptYn":"Y",
          "createdBy":"SML_GUSER",
          "createdDt":"2007-06-04T08:44:54.000+0000",
          "lastUpdatedBy":"Christina Stemp",
          "lastUpdatedDt":"2008-10-22T12:04:42.000+0000",
          "surveyIDs" : "123,987,566", 
             "questionCategoryId":86,
             "questionCategoryDesc":"VW - VIEWERSHIP"
            
       },
       {
          "questionLibraryId":8274,
          "genericText":"PAN AM VIEWERS",
          "activeYn":"Y",
          "combinedNormId":null,
          "percentileYn":"N",
          "questionPosNegFlag":null,
          "questionSortOrder":99999,
          "summRptYn":"Y",
          "createdBy":"SML_LOAD01_TST",
          "createdDt":null,
          "lastUpdatedBy":null,
          "lastUpdatedDt":null,
          "surveyIDs" : "123,987,566", 
             "questionCategoryId":3,
             "questionCategoryDesc":"AV - ANCHOR"
           
       },
       {
          "questionLibraryId":8236,
          "genericText":"FAIRLY LEGAL VIEWERS",
          "activeYn":"Y",
          "combinedNormId":null,
          "percentileYn":"Y",
          "questionPosNegFlag":null,
          "questionSortOrder":99999,
          "summRptYn":"Y",
          "createdBy":"Cynthia Nish",
          "createdDt":"2011-04-07T06:35:28.000+0000",
          "lastUpdatedBy":"Cynthia Nish",
          "lastUpdatedDt":"2011-04-07T06:35:28.000+0000",
          "surveyIDs" : "123,987,566", 
             "questionCategoryId":3,
             "questionCategoryDesc":"AV - ANCHOR"
            
       },
       {
          "questionLibraryId":3237,
          "genericText":"WILMINGTON, DE",
          "activeYn":"N",
          "combinedNormId":null,
          "percentileYn":"N",
          "questionPosNegFlag":null,
          "questionSortOrder":99999,
          "summRptYn":"N",
          "createdBy":"CNVUSER",
          "createdDt":"2001-08-07T11:39:24.000+0000",
          "lastUpdatedBy":"SML_GUSER",
          "lastUpdatedDt":"2003-01-21T12:31:39.000+0000",
          "surveyIDs" : "123,987,566", 
             "questionCategoryId":47,
             "questionCategoryDesc":"LO - LOCATIONS"
          
       },
       {
          "questionLibraryId":3824,
          "genericText":"CHARACTERS EASY TO UNDERSTAND (PROMO < 1 MIN)",
          "activeYn":"Y",
          "combinedNormId":null,
          "percentileYn":"Y",
          "questionPosNegFlag":null,
          "questionSortOrder":99999,
          "summRptYn":"Y",
          "createdBy":"SML_GUSER",
          "createdDt":"2003-11-17T12:10:27.000+0000",
          "lastUpdatedBy":"Cynthia Nish",
          "lastUpdatedDt":"2008-08-05T08:19:10.000+0000",
          "surveyIDs" : "123,987,566", 
             "questionCategoryId":2,
             "questionCategoryDesc":"AG - AGREE STATEMENTS"
       },
       {
          "questionLibraryId":8360,
          "genericText":"TEST GQ FOR CHSUM 03251",
          "activeYn":"Y",
          "combinedNormId":null,
          "percentileYn":"Y",
          "questionPosNegFlag":"Y",
          "questionSortOrder":99999,
          "summRptYn":"Y",
          "createdBy":"PRIME_ETL",
          "createdDt":"2013-04-03T14:12:49.000+0000",
          "lastUpdatedBy":"PRIME_ETL",
          "lastUpdatedDt":"2013-04-03T14:12:49.000+0000",
          "surveyIDs" : "123,987,566", 
             "questionCategoryId":3,
             "questionCategoryDesc":"AV - ANCHOR"
       },
       {
          "questionLibraryId":976,
          "genericText":"JENNY VIEWERS",
          "activeYn":"N",
          "combinedNormId":null,
          "percentileYn":"N",
          "questionPosNegFlag":null,
          "questionSortOrder":99999,
          "summRptYn":"Y",
          "createdBy":"CNVUSER",
          "createdDt":"2001-08-07T11:39:24.000+0000",
          "lastUpdatedBy":"SML_GUSER",
          "lastUpdatedDt":"2007-05-02T15:14:06.000+0000",
          "surveyIDs" : "123,987,566", 
             "questionCategoryId":3,
             "questionCategoryDesc":"AV - ANCHOR"
          
       },
       {
          "questionLibraryId":4465,
          "genericText":"REASON WHY VIEWED",
          "activeYn":"Y",
          "combinedNormId":null,
          "percentileYn":"Y",
          "questionPosNegFlag":null,
          "questionSortOrder":99999,
          "summRptYn":"Y",
          "createdBy":"SML_GUSER",
          "createdDt":"2006-09-18T12:45:41.000+0000",
          "lastUpdatedBy":"Christina Stemp",
          "lastUpdatedDt":"2008-10-22T12:04:42.000+0000",
          "surveyIDs" : "123,987,566", 
             "questionCategoryId":86,
             "questionCategoryDesc":"VW - VIEWERSHIP"
            
       },
       {
          "questionLibraryId":2528,
          "genericText":"VS FAMILY LAW",
          "activeYn":"N",
          "combinedNormId":null,
          "percentileYn":"N",
          "questionPosNegFlag":null,
          "questionSortOrder":99999,
          "summRptYn":"N",
          "createdBy":"CNVUSER",
          "createdDt":"2001-08-07T11:39:24.000+0000",
          "lastUpdatedBy":"SMLAPP",
          "lastUpdatedDt":"2002-11-08T06:25:55.000+0000",
          "surveyIDs" : "123,987,566", 
             "questionCategoryId":54,
             "questionCategoryDesc":"PC - PAIRED COMPARISONS"
       },
       {
          "questionLibraryId":5464,
          "genericText":"CHEESY",
          "activeYn":"Y",
          "combinedNormId":null,
          "percentileYn":"Y",
          "questionPosNegFlag":null,
          "questionSortOrder":99999,
          "summRptYn":"Y",
          "createdBy":"SML_GUSER",
          "createdDt":"2007-06-18T11:15:20.000+0000",
          "lastUpdatedBy":"Cynthia Nish",
          "lastUpdatedDt":"2008-08-05T08:19:09.000+0000",
          "surveyIDs" : "123,987,566", 
             "questionCategoryId":2,
             "questionCategoryDesc":"AG - AGREE STATEMENTS"
       },
       {
          "questionLibraryId":2522,
          "genericText":"VS FALCONCREST",
          "activeYn":"N",
          "combinedNormId":null,
          "percentileYn":"N",
          "questionPosNegFlag":null,
          "questionSortOrder":99999,
          "summRptYn":"N",
          "createdBy":"CNVUSER",
          "createdDt":"2001-08-07T11:39:24.000+0000",
          "lastUpdatedBy":"SMLAPP",
          "lastUpdatedDt":"2002-11-08T06:25:54.000+0000",
          "surveyIDs" : "123,987,566", 
             "questionCategoryId":54,
             "questionCategoryDesc":"PC - PAIRED COMPARISONS"
       },
       {
          "questionLibraryId":3016,
          "genericText":"VS THE SINGLE GUY",
          "activeYn":"N",
          "combinedNormId":null,
          "percentileYn":"N",
          "questionPosNegFlag":null,
          "questionSortOrder":99999,
          "summRptYn":"N",
          "createdBy":"CNVUSER",
          "createdDt":"2001-08-07T11:39:24.000+0000",
          "lastUpdatedBy":"SMLAPP",
          "lastUpdatedDt":"2002-11-08T06:27:24.000+0000",
          "surveyIDs" : "123,987,566", 
             "questionCategoryId":54,
             "questionCategoryDesc":"PC - PAIRED COMPARISONS"
       },
       {
          "questionLibraryId":364,
          "genericText":"COMPLICATED",
          "activeYn":"Y",
          "combinedNormId":null,
          "percentileYn":"Y",
          "questionPosNegFlag":null,
          "questionSortOrder":99999,
          "summRptYn":"Y",
          "createdBy":"CNVUSER",
          "createdDt":"2001-08-07T11:39:24.000+0000",
          "lastUpdatedBy":"SML_GUSER",
          "lastUpdatedDt":"2003-10-29T09:42:52.000+0000",
          "surveyIDs" : "123,987,566", 
             "questionCategoryId":53,
             "questionCategoryDesc":"PA - PROGRAM ADJECTIVES"
       },
       {
          "questionLibraryId":2486,
          "genericText":"VS DOLPHIN COVE",
          "activeYn":"N",
          "combinedNormId":null,
          "percentileYn":"N",
          "questionPosNegFlag":null,
          "questionSortOrder":99999,
          "summRptYn":"N",
          "createdBy":"CNVUSER",
          "createdDt":"2001-08-07T11:39:24.000+0000",
          "lastUpdatedBy":"SMLAPP",
          "lastUpdatedDt":"2002-11-08T06:25:47.000+0000",
          "surveyIDs" : "123,987,566", 
             "questionCategoryId":54,
             "questionCategoryDesc":"PC - PAIRED COMPARISONS"
       },
       {
          "questionLibraryId":2854,
          "genericText":"VS POWER RANGERS",
          "activeYn":"N",
          "combinedNormId":null,
          "percentileYn":"N",
          "questionPosNegFlag":null,
          "questionSortOrder":99999,
          "summRptYn":"N",
          "createdBy":"CNVUSER",
          "createdDt":"2001-08-07T11:39:24.000+0000",
          "lastUpdatedBy":"SMLAPP",
          "lastUpdatedDt":"2002-11-08T06:26:54.000+0000",
          "surveyIDs" : "123,987,566", 
             "questionCategoryId":54,
             "questionCategoryDesc":"PC - PAIRED COMPARISONS"
       },
       {
          "questionLibraryId":2894,
          "genericText":"VS ROSANNE",
          "activeYn":"N",
          "combinedNormId":null,
          "percentileYn":"N",
          "questionPosNegFlag":null,
          "questionSortOrder":99999,
          "summRptYn":"N",
          "createdBy":"CNVUSER",
          "createdDt":"2001-08-07T11:39:24.000+0000",
          "lastUpdatedBy":"SMLAPP",
          "lastUpdatedDt":"2002-11-08T06:27:02.000+0000",
          "surveyIDs" : "123,987,566", 
             "questionCategoryId":54,
             "questionCategoryDesc":"PC - PAIRED COMPARISONS"
       },
       {
          "questionLibraryId":5462,
          "genericText":"MYSTERIOUS",
          "activeYn":"Y",
          "combinedNormId":null,
          "percentileYn":"Y",
          "questionPosNegFlag":null,
          "questionSortOrder":99999,
          "summRptYn":"Y",
          "createdBy":"SML_GUSER",
          "createdDt":"2007-06-18T11:15:16.000+0000",
          "lastUpdatedBy":"Cynthia Nish",
          "lastUpdatedDt":"2008-08-05T08:19:10.000+0000",
          "surveyIDs" : "123,987,566", 
             "questionCategoryId":2,
             "questionCategoryDesc":"AG - AGREE STATEMENTS"
       },
       {
          "questionLibraryId":3376,
          "genericText":"MENTOR, OH (INT)",
          "activeYn":"N",
          "combinedNormId":null,
          "percentileYn":"N",
          "questionPosNegFlag":null,
          "questionSortOrder":99999,
          "summRptYn":"Y",
          "createdBy":"SMLUSER",
          "createdDt":"2001-10-03T07:23:46.000+0000",
          "lastUpdatedBy":"SML_GUSER",
          "lastUpdatedDt":"2003-01-21T12:31:37.000+0000",
          "surveyIDs" : "123,987,566", 
             "questionCategoryId":47,
             "questionCategoryDesc":"LO - LOCATIONS"
       },
       {
          "questionLibraryId":8358,
          "genericText":"Sample GQ for Email Notification",
          "activeYn":"Y",
          "combinedNormId":null,
          "percentileYn":"Y",
          "questionPosNegFlag":"Y",
          "questionSortOrder":99999,
          "summRptYn":"Y",
          "createdBy":"PRIME_ETL",
          "createdDt":"2013-02-19T09:13:08.000+0000",
          "lastUpdatedBy":"PRIME_ETL",
          "lastUpdatedDt":"2013-02-19T09:13:08.000+0000",
          "surveyIDs" : "123,987,566", 
             "questionCategoryId":8,
             "questionCategoryDesc":"DE - DEMOGRAPHICS"
       },
       {
        "questionLibraryId":6137,
        "genericText":"test",
        "activeYn":"N",
        "combinedNormId":null,
        "percentileYn":"Y",
        "questionPosNegFlag":"N",
        "questionSortOrder":null,
        "summRptYn":"Y",
        "createdBy":null,
        "createdDt":null,
        "lastUpdatedBy":null,
        "lastUpdatedDt":null,
        "surveyIDs" : "123,987,566", 
           "questionCategoryId":1,
           "questionCategoryDesc":"AD - ADDS ENJOYMENT 3PT"
     },
     {
        "questionLibraryId":5382,
        "genericText":"TONIGHT SHOW WITH JAY LENO",
        "activeYn":"Y",
        "combinedNormId":null,
        "percentileYn":"N",
        "questionPosNegFlag":null,
        "questionSortOrder":99999,
        "summRptYn":"Y",
        "createdBy":"SML_GUSER",
        "createdDt":"2007-06-04T08:44:54.000+0000",
        "lastUpdatedBy":"Christina Stemp",
        "lastUpdatedDt":"2008-10-22T12:04:42.000+0000",
        "surveyIDs" : "123,987,566", 
           "questionCategoryId":86,
           "questionCategoryDesc":"VW - VIEWERSHIP"
     },
     {
        "questionLibraryId":8274,
        "genericText":"PAN AM VIEWERS",
        "activeYn":"Y",
        "combinedNormId":null,
        "percentileYn":"N",
        "questionPosNegFlag":null,
        "questionSortOrder":99999,
        "summRptYn":"Y",
        "createdBy":"SML_LOAD01_TST",
        "createdDt":null,
        "lastUpdatedBy":null,
        "lastUpdatedDt":null,
        "surveyIDs" : "123,987,566", 
           "questionCategoryId":3,
           "questionCategoryDesc":"AV - ANCHOR"
     },
     {
        "questionLibraryId":8236,
        "genericText":"FAIRLY LEGAL VIEWERS",
        "activeYn":"Y",
        "combinedNormId":null,
        "percentileYn":"Y",
        "questionPosNegFlag":null,
        "questionSortOrder":99999,
        "summRptYn":"Y",
        "createdBy":"Cynthia Nish",
        "createdDt":"2011-04-07T06:35:28.000+0000",
        "lastUpdatedBy":"Cynthia Nish",
        "lastUpdatedDt":"2011-04-07T06:35:28.000+0000",
        "surveyIDs" : "123,987,566", 
           "questionCategoryId":3,
           "questionCategoryDesc":"AV - ANCHOR"
     },
     {
        "questionLibraryId":3237,
        "genericText":"WILMINGTON, DE",
        "activeYn":"N",
        "combinedNormId":null,
        "percentileYn":"N",
        "questionPosNegFlag":null,
        "questionSortOrder":99999,
        "summRptYn":"N",
        "createdBy":"CNVUSER",
        "createdDt":"2001-08-07T11:39:24.000+0000",
        "lastUpdatedBy":"SML_GUSER",
        "lastUpdatedDt":"2003-01-21T12:31:39.000+0000",
        "surveyIDs" : "123,987,566", 
           "questionCategoryId":47,
           "questionCategoryDesc":"LO - LOCATIONS"
     },
     {
        "questionLibraryId":3824,
        "genericText":"CHARACTERS EASY TO UNDERSTAND (PROMO < 1 MIN)",
        "activeYn":"Y",
        "combinedNormId":null,
        "percentileYn":"Y",
        "questionPosNegFlag":null,
        "questionSortOrder":99999,
        "summRptYn":"Y",
        "createdBy":"SML_GUSER",
        "createdDt":"2003-11-17T12:10:27.000+0000",
        "lastUpdatedBy":"Cynthia Nish",
        "lastUpdatedDt":"2008-08-05T08:19:10.000+0000",
        "surveyIDs" : "123,987,566", 
           "questionCategoryId":2,
           "questionCategoryDesc":"AG - AGREE STATEMENTS"
     },
     {
        "questionLibraryId":8360,
        "genericText":"TEST GQ FOR CHSUM 03251",
        "activeYn":"Y",
        "combinedNormId":null,
        "percentileYn":"Y",
        "questionPosNegFlag":"Y",
        "questionSortOrder":99999,
        "summRptYn":"Y",
        "createdBy":"PRIME_ETL",
        "createdDt":"2013-04-03T14:12:49.000+0000",
        "lastUpdatedBy":"PRIME_ETL",
        "lastUpdatedDt":"2013-04-03T14:12:49.000+0000",
        "surveyIDs" : "123,987,566", 
           "questionCategoryId":3,
           "questionCategoryDesc":"AV - ANCHOR"
     },
     {
        "questionLibraryId":976,
        "genericText":"JENNY VIEWERS",
        "activeYn":"N",
        "combinedNormId":null,
        "percentileYn":"N",
        "questionPosNegFlag":null,
        "questionSortOrder":99999,
        "summRptYn":"Y",
        "createdBy":"CNVUSER",
        "createdDt":"2001-08-07T11:39:24.000+0000",
        "lastUpdatedBy":"SML_GUSER",
        "lastUpdatedDt":"2007-05-02T15:14:06.000+0000",
        "surveyIDs" : "123,987,566", 
           "questionCategoryId":3,
           "questionCategoryDesc":"AV - ANCHOR"
     },
     {
        "questionLibraryId":4465,
        "genericText":"REASON WHY VIEWED",
        "activeYn":"Y",
        "combinedNormId":null,
        "percentileYn":"Y",
        "questionPosNegFlag":null,
        "questionSortOrder":99999,
        "summRptYn":"Y",
        "createdBy":"SML_GUSER",
        "createdDt":"2006-09-18T12:45:41.000+0000",
        "lastUpdatedBy":"Christina Stemp",
        "lastUpdatedDt":"2008-10-22T12:04:42.000+0000",
        "surveyIDs" : "123,987,566", 
           "questionCategoryId":86,
           "questionCategoryDesc":"VW - VIEWERSHIP"
     },
     {
        "questionLibraryId":2528,
        "genericText":"VS FAMILY LAW",
        "activeYn":"N",
        "combinedNormId":null,
        "percentileYn":"N",
        "questionPosNegFlag":null,
        "questionSortOrder":99999,
        "summRptYn":"N",
        "createdBy":"CNVUSER",
        "createdDt":"2001-08-07T11:39:24.000+0000",
        "lastUpdatedBy":"SMLAPP",
        "lastUpdatedDt":"2002-11-08T06:25:55.000+0000",
        "surveyIDs" : "123,987,566", 
           "questionCategoryId":54,
           "questionCategoryDesc":"PC - PAIRED COMPARISONS"
     },
     {
        "questionLibraryId":5464,
        "genericText":"CHEESY",
        "activeYn":"Y",
        "combinedNormId":null,
        "percentileYn":"Y",
        "questionPosNegFlag":null,
        "questionSortOrder":99999,
        "summRptYn":"Y",
        "createdBy":"SML_GUSER",
        "createdDt":"2007-06-18T11:15:20.000+0000",
        "lastUpdatedBy":"Cynthia Nish",
        "lastUpdatedDt":"2008-08-05T08:19:09.000+0000",
        "surveyIDs" : "123,987,566", 
           "questionCategoryId":2,
           "questionCategoryDesc":"AG - AGREE STATEMENTS"
     },
     {
        "questionLibraryId":2522,
        "genericText":"VS FALCONCREST",
        "activeYn":"N",
        "combinedNormId":null,
        "percentileYn":"N",
        "questionPosNegFlag":null,
        "questionSortOrder":99999,
        "summRptYn":"N",
        "createdBy":"CNVUSER",
        "createdDt":"2001-08-07T11:39:24.000+0000",
        "lastUpdatedBy":"SMLAPP",
        "lastUpdatedDt":"2002-11-08T06:25:54.000+0000",
        "surveyIDs" : "123,987,566", 
           "questionCategoryId":54,
           "questionCategoryDesc":"PC - PAIRED COMPARISONS"
     },
     {
        "questionLibraryId":3016,
        "genericText":"VS THE SINGLE GUY",
        "activeYn":"N",
        "combinedNormId":null,
        "percentileYn":"N",
        "questionPosNegFlag":null,
        "questionSortOrder":99999,
        "summRptYn":"N",
        "createdBy":"CNVUSER",
        "createdDt":"2001-08-07T11:39:24.000+0000",
        "lastUpdatedBy":"SMLAPP",
        "lastUpdatedDt":"2002-11-08T06:27:24.000+0000",
        "surveyIDs" : "123,987,566", 
           "questionCategoryId":54,
           "questionCategoryDesc":"PC - PAIRED COMPARISONS"
     },
     {
        "questionLibraryId":364,
        "genericText":"COMPLICATED",
        "activeYn":"Y",
        "combinedNormId":null,
        "percentileYn":"Y",
        "questionPosNegFlag":null,
        "questionSortOrder":99999,
        "summRptYn":"Y",
        "createdBy":"CNVUSER",
        "createdDt":"2001-08-07T11:39:24.000+0000",
        "lastUpdatedBy":"SML_GUSER",
        "lastUpdatedDt":"2003-10-29T09:42:52.000+0000",
        "surveyIDs" : "123,987,566", 
           "questionCategoryId":53,
           "questionCategoryDesc":"PA - PROGRAM ADJECTIVES"
     },
     {
        "questionLibraryId":2486,
        "genericText":"VS DOLPHIN COVE",
        "activeYn":"N",
        "combinedNormId":null,
        "percentileYn":"N",
        "questionPosNegFlag":null,
        "questionSortOrder":99999,
        "summRptYn":"N",
        "createdBy":"CNVUSER",
        "createdDt":"2001-08-07T11:39:24.000+0000",
        "lastUpdatedBy":"SMLAPP",
        "lastUpdatedDt":"2002-11-08T06:25:47.000+0000",
        "surveyIDs" : "123,987,566", 
           "questionCategoryId":54,
           "questionCategoryDesc":"PC - PAIRED COMPARISONS"
     },
     {
        "questionLibraryId":2854,
        "genericText":"VS POWER RANGERS",
        "activeYn":"N",
        "combinedNormId":null,
        "percentileYn":"N",
        "questionPosNegFlag":null,
        "questionSortOrder":99999,
        "summRptYn":"N",
        "createdBy":"CNVUSER",
        "createdDt":"2001-08-07T11:39:24.000+0000",
        "lastUpdatedBy":"SMLAPP",
        "lastUpdatedDt":"2002-11-08T06:26:54.000+0000",
        "surveyIDs" : "123,987,566", 
           "questionCategoryId":54,
           "questionCategoryDesc":"PC - PAIRED COMPARISONS"
     },
     {
        "questionLibraryId":2894,
        "genericText":"VS ROSANNE",
        "activeYn":"N",
        "combinedNormId":null,
        "percentileYn":"N",
        "questionPosNegFlag":null,
        "questionSortOrder":99999,
        "summRptYn":"N",
        "createdBy":"CNVUSER",
        "createdDt":"2001-08-07T11:39:24.000+0000",
        "lastUpdatedBy":"SMLAPP",
        "lastUpdatedDt":"2002-11-08T06:27:02.000+0000",
        "surveyIDs" : "123,987,566", 
           "questionCategoryId":54,
           "questionCategoryDesc":"PC - PAIRED COMPARISONS"
     },
     {
        "questionLibraryId":5462,
        "genericText":"MYSTERIOUS",
        "activeYn":"Y",
        "combinedNormId":null,
        "percentileYn":"Y",
        "questionPosNegFlag":null,
        "questionSortOrder":99999,
        "summRptYn":"Y",
        "createdBy":"SML_GUSER",
        "createdDt":"2007-06-18T11:15:16.000+0000",
        "lastUpdatedBy":"Cynthia Nish",
        "lastUpdatedDt":"2008-08-05T08:19:10.000+0000",
        "surveyIDs" : "123,987,566", 
           "questionCategoryId":2,
           "questionCategoryDesc":"AG - AGREE STATEMENTS"
     },
     {
        "questionLibraryId":3376,
        "genericText":"MENTOR, OH (INT)",
        "activeYn":"N",
        "combinedNormId":null,
        "percentileYn":"N",
        "questionPosNegFlag":null,
        "questionSortOrder":99999,
        "summRptYn":"Y",
        "createdBy":"SMLUSER",
        "createdDt":"2001-10-03T07:23:46.000+0000",
        "lastUpdatedBy":"SML_GUSER",
        "lastUpdatedDt":"2003-01-21T12:31:37.000+0000",
        "surveyIDs" : "123,987,566", 
           "questionCategoryId":47,
           "questionCategoryDesc":"LO - LOCATIONS"
     },
     {
        "questionLibraryId":8358,
        "genericText":"Sample GQ for Email Notification",
        "activeYn":"Y",
        "combinedNormId":null,
        "percentileYn":"Y",
        "questionPosNegFlag":"Y",
        "questionSortOrder":99999,
        "summRptYn":"Y",
        "createdBy":"PRIME_ETL",
        "createdDt":"2013-02-19T09:13:08.000+0000",
        "lastUpdatedBy":"PRIME_ETL",
        "lastUpdatedDt":"2013-02-19T09:13:08.000+0000",
        "surveyIDs" : "123,987,566", 
           "questionCategoryId":8,
           "questionCategoryDesc":"DE - DEMOGRAPHICS"
     }
    ],
    "pageable":{
       "sort":{
          "sorted":false,
          "unsorted":true,
          "empty":true
       },
       "offset":0,
       "pageNumber":0,
       "pageSize":20,
       "unpaged":false,
       "paged":true
    },
    "totalElements":4787,
    "totalPages":240,
    "last":false,
    "size":20,
    "number":0,
    "sort":{
       "sorted":false,
       "unsorted":true,
       "empty":true
    },
    "numberOfElements":20,
    "first":true,
    "empty":false
 }