{
    "content": [
        {
            "activeYn": "Y",
            "choiceLibraryDesc": "NEW CHOICesss",
            "choiceLibraryId": 6137,
            "createdBy": "live",
            "createdDt": "2008-02-07T06:58:58.000+0000",
            "lastUpdatedBy": "Christina Stemp",
            "lastUpdatedDt": "2008-02-07T06:58:58.000+0000",
            "posNegFlag": "P",
            "surveyIds":"788",
            "surveyLinks":[
                {
                  "surveyId": 8068,
                  "surveyCode": "NPA0102008",
                  "createdDt": "2008-09-22"
                },
                {
                  "surveyId": 10518,
                  "surveyCode": "CPA0092008W5",
                  "createdDt": null
                },
                {
                  "surveyId": 10470,
                  "surveyCode": "CPA0012008W10",
                  "createdDt": null
                }
             ]
        },
        {
            "activeYn": "N",
            "choiceLibraryDesc": "test",
            "choiceLibraryId": 6137,
            "createdBy": "new",
            "createdDt": "2008-02-07T06:58:58.000+0000",
            "lastUpdatedBy": "Christina Stemp",
            "lastUpdatedDt": "2008-02-07T06:58:58.000+0000",
            "posNegFlag": "N"
        },
        {
            "activeYn": "Y",
            "choiceLibraryDesc": "CHOICesss",
            "choiceLibraryId": 6137,
            "createdBy": "edit",
            "createdDt": "2008-02-07T06:58:58.000+0000",
            "lastUpdatedBy": "Christina Stemp",
            "lastUpdatedDt": "2008-02-07T06:58:58.000+0000",
            "posNegFlag": "P"
        },
        {
            "activeYn": "N",
            "choiceLibraryDesc": "edit",
            "choiceLibraryId": 6137,
            "createdBy": "GUSER",
            "createdDt": "2008-02-07T06:58:58.000+0000",
            "lastUpdatedBy": "Christina Stemp",
            "lastUpdatedDt": "2008-02-07T06:58:58.000+0000",
            "posNegFlag": "N"
        },
        {
            "activeYn": "Y",
            "choiceLibraryDesc": "change",
            "choiceLibraryId": 6137,
            "createdBy": "SML",
            "createdDt": "2008-02-07T06:58:58.000+0000",
            "lastUpdatedBy": "Christina Stemp",
            "lastUpdatedDt": "2008-02-07T06:58:58.000+0000",
            "posNegFlag": "P"
        },
        {
            "activeYn": "N",
            "choiceLibraryDesc": "delete",
            "choiceLibraryId": 6137,
            "createdBy": "test",
            "createdDt": "2008-02-07T06:58:58.000+0000",
            "lastUpdatedBy": "Christina Stemp",
            "lastUpdatedDt": "2008-02-07T06:58:58.000+0000",
            "posNegFlag": "P"
        }
    ],
    "pageable": {
        "sort": {
            "sorted": false,
            "unsorted": true,
            "empty": true
        },
        "offset": 0,
        "pageNumber": 0,
        "pageSize": 20,
        "unpaged": false,
        "paged": true
    },
    "totalElements": 4787,
    "totalPages": 240,
    "last": false,
    "size": 20,
    "number": 0,
    "sort": {
        "sorted": false,
        "unsorted": true,
        "empty": true
    },
    "numberOfElements": 20,
    "first": true,
    "empty": false
}