[
    {
      "surveyId": 8068,
      "surveyCode": "NPA0102008",
      "createdDt": "2008-09-22T06:00:09.000+0000"
    },
    {
      "surveyId": 10518,
      "surveyCode": "CPA0092008W5",
      "createdDt": null
    },
    {
      "surveyId": 10470,
      "surveyCode": "CPA0012008W10",
      "createdDt": null
    },
    {
      "surveyId": 8808,
      "surveyCode": "NPA01508W1",
      "createdDt": "2008-12-16T12:07:36.000+0000"
    },
    {
      "surveyId": 7748,
      "surveyCode": "NPA0038W12",
      "createdDt": "2008-08-05T08:58:39.000+0000"
    },
    {
      "surveyId": 10661,
      "surveyCode": "CPA0022009W3",
      "createdDt": null
    },
    {
      "surveyId": 6848,
      "surveyCode": "CPA0472008",
      "createdDt": "2008-03-20T07:48:18.000+0000"
    },
    {
      "surveyId": 5729,
      "surveyCode": "CPA0272007",
      "createdDt": "2007-10-17T11:57:58.000+0000"
    },
    {
      "surveyId": 7809,
      "surveyCode": "NPA0062008",
      "createdDt": "2008-08-14T07:23:21.000+0000"
    },
    {
      "surveyId": 10377,
      "surveyCode": "PR-BJB01AW2",
      "createdDt": null
    },
    {
      "surveyId": 10785,
      "surveyCode": "NPA0012008W3",
      "createdDt": null
    },
    {
      "surveyId": 9012,
      "surveyCode": "CPA0052009",
      "createdDt": "2009-01-30T08:10:36.000+0000"
    },
    {
      "surveyId": 8768,
      "surveyCode": "NPA01408W1",
      "createdDt": "2008-12-09T13:51:39.000+0000"
    },
    {
      "surveyId": 10562,
      "surveyCode": "CPA0072008W3",
      "createdDt": null
    },
    {
      "surveyId": 6768,
      "surveyCode": "CPA0462008",
      "createdDt": "2008-03-07T08:43:36.000+0000"
    },
    {
      "surveyId": 10541,
      "surveyCode": "CPA0052008W2",
      "createdDt": null
    },
    {
      "surveyId": 9115,
      "surveyCode": "CPA0102009",
      "createdDt": "2009-03-09T09:54:33.000+0000"
    },
    {
      "surveyId": 6688,
      "surveyCode": "CPA0452008",
      "createdDt": "2008-03-03T10:18:35.000+0000"
    },
    {
      "surveyId": 10398,
      "surveyCode": "RCFCTV10W2",
      "createdDt": null
    },
    {
      "surveyId": 10419,
      "surveyCode": "AC-AFB80BW1",
      "createdDt": null
    },
    {
      "surveyId": 9172,
      "surveyCode": "CPA012209A",
      "createdDt": "2009-04-01T08:48:27.000+0000"
    },
    {
      "surveyId": 10461,
      "surveyCode": "CPA0012008W7",
      "createdDt": null
    },
    {
      "surveyId": 9317,
      "surveyCode": "CPA0202009",
      "createdDt": "2009-06-08T10:18:11.000+0000"
    },
    {
      "surveyId": 10276,
      "surveyCode": "RC-CFA41BW2",
      "createdDt": null
    },
    {
      "surveyId": 9477,
      "surveyCode": "CPA00708W1",
      "createdDt": "2009-08-14T08:23:19.000+0000"
    },
    {
      "surveyId": 10480,
      "surveyCode": "CPA0102008W1",
      "createdDt": null
    },
    {
      "surveyId": 10617,
      "surveyCode": "CPA0202009W5",
      "createdDt": null
    },
    {
      "surveyId": 10806,
      "surveyCode": "CPA0452008W9W3",
      "createdDt": null
    },
    {
      "surveyId": 9193,
      "surveyCode": "CPA01309W1",
      "createdDt": "2009-04-09T10:06:59.000+0000"
    },
    {
      "surveyId": 10577,
      "surveyCode": "CPA0082008W6",
      "createdDt": null
    },
    {
      "surveyId": 5828,
      "surveyCode": "CPA0302007",
      "createdDt": "2007-10-25T07:57:34.000+0000"
    },
    {
      "surveyId": 10581,
      "surveyCode": "CPA0112008W2",
      "createdDt": null
    },
    {
      "surveyId": 8949,
      "surveyCode": "NPA01708W1",
      "createdDt": "2009-01-12T11:53:14.000+0000"
    },
    {
      "surveyId": 10457,
      "surveyCode": "CPA0012008W3",
      "createdDt": null
    },
    {
      "surveyId": 9174,
      "surveyCode": "CPA012209W",
      "createdDt": "2009-04-02T09:36:07.000+0000"
    },
    {
      "surveyId": 10375,
      "surveyCode": "AC-67180BW2",
      "createdDt": null
    },
    {
      "surveyId": 10379,
      "surveyCode": "RC-AGC10BW1",
      "createdDt": null
    },
    {
      "surveyId": 6888,
      "surveyCode": "CPA0482008",
      "createdDt": "2008-03-26T12:41:03.000+0000"
    },
    {
      "surveyId": 9109,
      "surveyCode": "CPA0062009",
      "createdDt": "2009-02-13T08:17:58.000+0000"
    },
    {
      "surveyId": 10781,
      "surveyCode": "CPA0352007W1",
      "createdDt": null
    },
    {
      "surveyId": 6728,
      "surveyCode": "CPA04408W1",
      "createdDt": "2008-03-04T11:56:20.000+0000"
    },
    {
      "surveyId": 10659,
      "surveyCode": "CPA0022008W6",
      "createdDt": null
    },
    {
      "surveyId": 10573,
      "surveyCode": "CPA0072008W6",
      "createdDt": null
    },
    {
      "surveyId": 8928,
      "surveyCode": "NPA01608W1",
      "createdDt": "2009-01-05T13:46:02.000+0000"
    },
    {
      "surveyId": 9111,
      "surveyCode": "CPA0082009",
      "createdDt": "2009-03-02T09:49:54.000+0000"
    },
    {
      "surveyId": 10459,
      "surveyCode": "CPA0012008W5",
      "createdDt": null
    },
    {
      "surveyId": 9439,
      "surveyCode": "CPA00209W1",
      "createdDt": "2009-08-05T07:51:45.000+0000"
    },
    {
      "surveyId": 10787,
      "surveyCode": "NPA0012008W5",
      "createdDt": null
    },
    {
      "surveyId": 9195,
      "surveyCode": "CPA01109W1",
      "createdDt": "2009-04-13T09:17:31.000+0000"
    },
    {
      "surveyId": 9113,
      "surveyCode": "CPA0092009",
      "createdDt": "2009-03-04T08:25:34.000+0000"
    },
    {
      "surveyId": 6928,
      "surveyCode": "CPA04708W1",
      "createdDt": "2008-04-02T08:48:08.000+0000"
    },
    {
      "surveyId": 7349,
      "surveyCode": "CPA05408W1",
      "createdDt": "2008-06-02T08:28:41.000+0000"
    },
    {
      "surveyId": 10354,
      "surveyCode": "RC-61605W4",
      "createdDt": null
    },
    {
      "surveyId": 9311,
      "surveyCode": "CPA0172009",
      "createdDt": "2009-05-11T09:12:20.000+0000"
    },
    {
      "surveyId": 10514,
      "surveyCode": "CPA0092008W1",
      "createdDt": null
    },
    {
      "surveyId": 9048,
      "surveyCode": "CPA0042009",
      "createdDt": "2009-01-26T14:15:16.000+0000"
    },
    {
      "surveyId": 10783,
      "surveyCode": "NPA0012008W1",
      "createdDt": null
    },
    {
      "surveyId": 10575,
      "surveyCode": "CPA0012008W9W7",
      "createdDt": null
    },
    {
      "surveyId": 10472,
      "surveyCode": "CPA0022008W1",
      "createdDt": null
    },
    {
      "surveyId": 9313,
      "surveyCode": "CPA0192009",
      "createdDt": "2009-05-26T10:09:38.000+0000"
    },
    {
      "surveyId": 10743,
      "surveyCode": "CPA0502008W2",
      "createdDt": null
    },
    {
      "surveyId": 8369,
      "surveyCode": "CPA0092008",
      "createdDt": "2008-10-16T08:15:03.000+0000"
    },
    {
      "surveyId": 5788,
      "surveyCode": "CPA0282007",
      "createdDt": "2007-10-24T10:05:43.000+0000"
    },
    {
      "surveyId": 10474,
      "surveyCode": "CPA0022008W3",
      "createdDt": null
    },
    {
      "surveyId": 7410,
      "surveyCode": "NPA00108W1",
      "createdDt": "2008-06-19T11:33:57.000+0000"
    },
    {
      "surveyId": 9198,
      "surveyCode": "CPA0152009",
      "createdDt": "2009-04-16T09:44:34.000+0000"
    },
    {
      "surveyId": 5988,
      "surveyCode": "CPA0322007",
      "createdDt": "2007-12-05T11:29:03.000+0000"
    },
    {
      "surveyId": 5229,
      "surveyCode": "NPA0092007",
      "createdDt": "2007-09-18T08:14:24.000+0000"
    },
    {
      "surveyId": 6234,
      "surveyCode": "CPA03207W1",
      "createdDt": "2008-01-09T14:35:15.000+0000"
    },
    {
      "surveyId": 10516,
      "surveyCode": "CPA0092008W3",
      "createdDt": null
    },
    {
      "surveyId": 10352,
      "surveyCode": "RC-61605W3",
      "createdDt": null
    },
    {
      "surveyId": 10512,
      "surveyCode": "CPA0082008W1",
      "createdDt": null
    },
    {
      "surveyId": 10807,
      "surveyCode": "CPA0452008W9W4",
      "createdDt": null
    },
    {
      "surveyId": 10371,
      "surveyCode": "AC-67180BW1",
      "createdDt": null
    },
    {
      "surveyId": 10718,
      "surveyCode": "CPA0502008W1",
      "createdDt": null
    },
    {
      "surveyId": 10386,
      "surveyCode": "AC-47680BW1",
      "createdDt": null
    },
    {
      "surveyId": 7828,
      "surveyCode": "NPA00508W1",
      "createdDt": "2008-08-20T07:23:02.000+0000"
    },
    {
      "surveyId": 10825,
      "surveyCode": "CPA0352007W2",
      "createdDt": null
    },
    {
      "surveyId": 6230,
      "surveyCode": "CPA02807W1",
      "createdDt": "2008-01-09T13:17:57.000+0000"
    },
    {
      "surveyId": 10786,
      "surveyCode": "NPA0012008W4",
      "createdDt": null
    },
    {
      "surveyId": 9473,
      "surveyCode": "CPA00109W1",
      "createdDt": "2009-08-07T14:22:44.000+0000"
    },
    {
      "surveyId": 8571,
      "surveyCode": "CPA01108W1",
      "createdDt": "2008-11-11T11:27:53.000+0000"
    },
    {
      "surveyId": 10508,
      "surveyCode": "CPA0142009W4",
      "createdDt": null
    },
    {
      "surveyId": 10489,
      "surveyCode": "CPA0052009W1",
      "createdDt": null
    },
    {
      "surveyId": 9349,
      "surveyCode": "CPA00909W1",
      "createdDt": "2009-06-17T11:28:21.000+0000"
    },
    {
      "surveyId": 10619,
      "surveyCode": "CPA0012008W9W9W",
      "createdDt": null
    },
    {
      "surveyId": 7008,
      "surveyCode": "CPA0492008",
      "createdDt": "2008-04-11T06:34:09.000+0000"
    },
    {
      "surveyId": 10579,
      "surveyCode": "CPA0012008W9W8",
      "createdDt": null
    },
    {
      "surveyId": 7948,
      "surveyCode": "NPA0092008",
      "createdDt": "2008-09-11T09:08:18.000+0000"
    },
    {
      "surveyId": 10478,
      "surveyCode": "CPA0112008W1",
      "createdDt": null
    },
    {
      "surveyId": 10535,
      "surveyCode": "CPA0012008W9W1",
      "createdDt": null
    },
    {
      "surveyId": 10651,
      "surveyCode": "CPA0202009W9W2",
      "createdDt": null
    },
    {
      "surveyId": 6828,
      "surveyCode": "CPA04608W1",
      "createdDt": "2008-03-19T07:41:36.000+0000"
    },
    {
      "surveyId": 9530,
      "surveyCode": "CPA0292009",
      "createdDt": "2009-09-18T07:47:16.000+0000"
    },
    {
      "surveyId": 8708,
      "surveyCode": "CPA01208W1",
      "createdDt": "2008-11-25T09:34:02.000+0000"
    },
    {
      "surveyId": 10491,
      "surveyCode": "CPA0052009W3",
      "createdDt": null
    },
    {
      "surveyId": 9029,
      "surveyCode": "CPA0032009",
      "createdDt": "2009-01-22T12:07:39.000+0000"
    },
    {
      "surveyId": 7728,
      "surveyCode": "NPA0038W1",
      "createdDt": "2008-08-05T08:58:32.000+0000"
    },
    {
      "surveyId": 10544,
      "surveyCode": "CPA0042008W6",
      "createdDt": null
    },
    {
      "surveyId": 7389,
      "surveyCode": "CPA00108W1",
      "createdDt": "2008-06-12T13:18:04.000+0000"
    },
    {
      "surveyId": 10840,
      "surveyCode": "NPA0172008W1",
      "createdDt": null
    },
    {
      "surveyId": 10460,
      "surveyCode": "CPA0012008W6",
      "createdDt": null
    },
    {
      "surveyId": 10594,
      "surveyCode": "CPA0062008W3",
      "createdDt": null
    },
    {
      "surveyId": 10662,
      "surveyCode": "CPA0022009W4",
      "createdDt": null
    },
    {
      "surveyId": 7288,
      "surveyCode": "CPA05208W1",
      "createdDt": "2008-05-21T09:45:47.000+0000"
    },
    {
      "surveyId": 7448,
      "surveyCode": "CPA00208W1",
      "createdDt": "2008-06-24T11:09:38.000+0000"
    },
    {
      "surveyId": 9528,
      "surveyCode": "CPA00908W1",
      "createdDt": "2009-09-16T14:49:30.000+0000"
    },
    {
      "surveyId": 6169,
      "surveyCode": "CPA03407W1",
      "createdDt": "2008-01-03T09:47:33.000+0000"
    },
    {
      "surveyId": 6270,
      "surveyCode": "CPA0372008",
      "createdDt": "2008-01-22T09:38:09.000+0000"
    },
    {
      "surveyId": 10548,
      "surveyCode": "CPA0042008W9W1",
      "createdDt": null
    },
    {
      "surveyId": 9101,
      "surveyCode": "CPA0112009",
      "createdDt": "2009-03-18T12:23:49.000+0000"
    },
    {
      "surveyId": 6331,
      "surveyCode": "CPA03808W1",
      "createdDt": "2008-01-28T14:01:37.000+0000"
    },
    {
      "surveyId": 10796,
      "surveyCode": "CPA0452008W9",
      "createdDt": null
    },
    {
      "surveyId": 10531,
      "surveyCode": "CPA0092009W2",
      "createdDt": null
    },
    {
      "surveyId": 10550,
      "surveyCode": "CPA0042008W9W3",
      "createdDt": null
    },
    {
      "surveyId": 10504,
      "surveyCode": "CPA0012008W10",
      "createdDt": null
    },
    {
      "surveyId": 10773,
      "surveyCode": "CPA0452008W6",
      "createdDt": null
    },
    {
      "surveyId": 10552,
      "surveyCode": "CPA0042008W9W5",
      "createdDt": null
    },
    {
      "surveyId": 10542,
      "surveyCode": "CPA0042008W4",
      "createdDt": null
    },
    {
      "surveyId": 9252,
      "surveyCode": "CPA0162009",
      "createdDt": "2009-04-27T12:04:53.000+0000"
    },
    {
      "surveyId": 10592,
      "surveyCode": "CPA0092008W9",
      "createdDt": null
    },
    {
      "surveyId": 7808,
      "surveyCode": "NPA00408W1",
      "createdDt": "2008-08-12T10:28:56.000+0000"
    },
    {
      "surveyId": 6590,
      "surveyCode": "CPA04208W1",
      "createdDt": "2008-02-21T12:41:18.000+0000"
    },
    {
      "surveyId": 7850,
      "surveyCode": "NPA00608W1",
      "createdDt": "2008-08-26T09:57:24.000+0000"
    },
    {
      "surveyId": 10754,
      "surveyCode": "CPA0452008W1",
      "createdDt": null
    },
    {
      "surveyId": 10510,
      "surveyCode": "CPA0142009W5",
      "createdDt": null
    },
    {
      "surveyId": 9448,
      "surveyCode": "CPA00509W1",
      "createdDt": "2009-07-27T14:58:52.000+0000"
    },
    {
      "surveyId": 8908,
      "surveyCode": "NPA0162008",
      "createdDt": "2009-01-05T08:58:14.000+0000"
    },
    {
      "surveyId": 10479,
      "surveyCode": "CPA0022009W1",
      "createdDt": null
    },
    {
      "surveyId": 10376,
      "surveyCode": "PR-BJB01AW1",
      "createdDt": null
    },
    {
      "surveyId": 10826,
      "surveyCode": "CPA0352007W3",
      "createdDt": null
    },
    {
      "surveyId": 10468,
      "surveyCode": "CPA0012008W9",
      "createdDt": null
    },
    {
      "surveyId": 6289,
      "surveyCode": "CPA0392008",
      "createdDt": "2008-01-22T11:14:01.000+0000"
    },
    {
      "surveyId": 8588,
      "surveyCode": "CPA0122008",
      "createdDt": "2008-11-13T07:50:25.000+0000"
    },
    {
      "surveyId": 5808,
      "surveyCode": "CPA0292007",
      "createdDt": "2007-10-24T13:26:14.000+0000"
    },
    {
      "surveyId": 10805,
      "surveyCode": "CPA0452008W9W2",
      "createdDt": null
    },
    {
      "surveyId": 7368,
      "surveyCode": "CPA05508W1",
      "createdDt": "2008-06-03T10:01:28.000+0000"
    },
    {
      "surveyId": 7513,
      "surveyCode": "NPA01027W1",
      "createdDt": "2008-06-30T08:25:22.000+0000"
    },
    {
      "surveyId": 10752,
      "surveyCode": "CPA0402008W5",
      "createdDt": null
    },
    {
      "surveyId": 10748,
      "surveyCode": "CPA0402008W3",
      "createdDt": null
    },
    {
      "surveyId": 6028,
      "surveyCode": "CPA0332007",
      "createdDt": "2007-12-13T06:31:20.000+0000"
    },
    {
      "surveyId": 7688,
      "surveyCode": "CPA00628W1",
      "createdDt": "2008-07-29T10:36:58.000+0000"
    },
    {
      "surveyId": 10615,
      "surveyCode": "CPA0202009W3",
      "createdDt": null
    },
    {
      "surveyId": 7248,
      "surveyCode": "CPA0542008",
      "createdDt": "2008-05-16T07:18:56.000+0000"
    },
    {
      "surveyId": 10593,
      "surveyCode": "CPA0092008W9W1",
      "createdDt": null
    },
    {
      "surveyId": 10540,
      "surveyCode": "CPA0052008W1",
      "createdDt": null
    },
    {
      "surveyId": 10819,
      "surveyCode": "CPA0012009W2",
      "createdDt": null
    },
    {
      "surveyId": 10388,
      "surveyCode": "PR-BJB01AW4",
      "createdDt": null
    },
    {
      "surveyId": 10569,
      "surveyCode": "CPA0082008W5",
      "createdDt": null
    },
    {
      "surveyId": 6128,
      "surveyCode": "CPA0352007",
      "createdDt": "2008-01-02T09:00:25.000+0000"
    },
    {
      "surveyId": 10529,
      "surveyCode": "CPA0092008W6",
      "createdDt": null
    },
    {
      "surveyId": 7568,
      "surveyCode": "NPA0022008",
      "createdDt": "2008-07-10T07:27:43.000+0000"
    },
    {
      "surveyId": 10611,
      "surveyCode": "CPA0042008W9W7",
      "createdDt": null
    },
    {
      "surveyId": 10567,
      "surveyCode": "CPA0012008W9W4",
      "createdDt": null
    },
    {
      "surveyId": 9320,
      "surveyCode": "CPA02009W1",
      "createdDt": "2009-06-11T09:39:25.000+0000"
    },
    {
      "surveyId": 10571,
      "surveyCode": "CPA0072008W5",
      "createdDt": null
    },
    {
      "surveyId": 7669,
      "surveyCode": "NPA00208W1",
      "createdDt": "2008-07-22T10:57:54.000+0000"
    },
    {
      "surveyId": 7208,
      "surveyCode": "CPA0522008",
      "createdDt": "2008-05-09T10:14:53.000+0000"
    },
    {
      "surveyId": 7749,
      "surveyCode": "NPA00308W1",
      "createdDt": "2008-08-05T08:58:51.000+0000"
    },
    {
      "surveyId": 10563,
      "surveyCode": "CPA0072008W4",
      "createdDt": null
    },
    {
      "surveyId": 10771,
      "surveyCode": "CPA0452008W4",
      "createdDt": null
    },
    {
      "surveyId": 10475,
      "surveyCode": "CPA0022008W4",
      "createdDt": null
    },
    {
      "surveyId": 10515,
      "surveyCode": "CPA0092008W2",
      "createdDt": null
    },
    {
      "surveyId": 10620,
      "surveyCode": "CPA0012008W9W9W",
      "createdDt": null
    },
    {
      "surveyId": 9328,
      "surveyCode": "CPA01709W1",
      "createdDt": "2009-05-19T13:05:42.000+0000"
    },
    {
      "surveyId": 9314,
      "surveyCode": "CPA01809W1",
      "createdDt": "2009-05-27T10:30:06.000+0000"
    },
    {
      "surveyId": 10378,
      "surveyCode": "PR-BJB01AW3",
      "createdDt": null
    },
    {
      "surveyId": 10649,
      "surveyCode": "CPA0202009W9W1",
      "createdDt": null
    },
    {
      "surveyId": 10813,
      "surveyCode": "CPA0402008W9",
      "createdDt": null
    },
    {
      "surveyId": 10613,
      "surveyCode": "CPA0202009W1",
      "createdDt": null
    },
    {
      "surveyId": 6988,
      "surveyCode": "CPA04808W1",
      "createdDt": "2008-04-08T12:13:34.000+0000"
    },
    {
      "surveyId": 10809,
      "surveyCode": "CPA0402008W8",
      "createdDt": null
    },
    {
      "surveyId": 10511,
      "surveyCode": "CPA0072008W2",
      "createdDt": null
    },
    {
      "surveyId": 10788,
      "surveyCode": "NPA0012008W6",
      "createdDt": null
    },
    {
      "surveyId": 10485,
      "surveyCode": "CPA0142009W2",
      "createdDt": null
    },
    {
      "surveyId": 9482,
      "surveyCode": "NPA01208W1",
      "createdDt": "2009-08-28T08:29:38.000+0000"
    },
    {
      "surveyId": 10553,
      "surveyCode": "CPA0042008W9W6",
      "createdDt": null
    },
    {
      "surveyId": 10477,
      "surveyCode": "CPA0022008W5",
      "createdDt": null
    },
    {
      "surveyId": 10361,
      "surveyCode": "RC-61605W8",
      "createdDt": null
    },
    {
      "surveyId": 10487,
      "surveyCode": "CPA0042008W1",
      "createdDt": null
    },
    {
      "surveyId": 10590,
      "surveyCode": "CPA0072008W9",
      "createdDt": null
    },
    {
      "surveyId": 6588,
      "surveyCode": "CPA0442008",
      "createdDt": "2008-02-21T09:39:22.000+0000"
    },
    {
      "surveyId": 10755,
      "surveyCode": "CPA0452008W2",
      "createdDt": null
    },
    {
      "surveyId": 10744,
      "surveyCode": "CPA0502008W3",
      "createdDt": null
    },
    {
      "surveyId": 10488,
      "surveyCode": "CPA0042008W2",
      "createdDt": null
    },
    {
      "surveyId": 10554,
      "surveyCode": "CPA0042009W1",
      "createdDt": null
    },
    {
      "surveyId": 6329,
      "surveyCode": "CPA03708W1",
      "createdDt": "2008-01-28T12:26:21.000+0000"
    },
    {
      "surveyId": 9184,
      "surveyCode": "CPA01509W1",
      "createdDt": "2009-04-21T10:15:47.000+0000"
    },
    {
      "surveyId": 8130,
      "surveyCode": "CPA0072008",
      "createdDt": "2008-09-25T07:53:25.000+0000"
    },
    {
      "surveyId": 6233,
      "surveyCode": "CPA03107W1",
      "createdDt": "2008-01-09T14:25:02.000+0000"
    },
    {
      "surveyId": 8170,
      "surveyCode": "CPA0082008",
      "createdDt": "2008-10-02T07:38:53.000+0000"
    },
    {
      "surveyId": 7768,
      "surveyCode": "NPA0052008",
      "createdDt": "2008-08-07T07:49:43.000+0000"
    },
    {
      "surveyId": 10502,
      "surveyCode": "CPA0012008W10",
      "createdDt": null
    },
    {
      "surveyId": 7409,
      "surveyCode": "CPA0032008",
      "createdDt": "2008-06-19T08:01:48.000+0000"
    },
    {
      "surveyId": 6208,
      "surveyCode": "CPA03507W1",
      "createdDt": "2008-01-08T13:10:02.000+0000"
    },
    {
      "surveyId": 6708,
      "surveyCode": "CPA04308W1",
      "createdDt": "2008-03-03T12:41:06.000+0000"
    },
    {
      "surveyId": 8788,
      "surveyCode": "NPA0152008",
      "createdDt": "2008-12-11T07:55:13.000+0000"
    },
    {
      "surveyId": 10746,
      "surveyCode": "CPA0402008W1",
      "createdDt": null
    },
    {
      "surveyId": 10780,
      "surveyCode": "CPA0482008W1",
      "createdDt": null
    },
    {
      "surveyId": 9270,
      "surveyCode": "CPA01609W1",
      "createdDt": "2009-04-29T08:47:47.000+0000"
    },
    {
      "surveyId": 9368,
      "surveyCode": "CPA00709W1",
      "createdDt": "2009-06-18T14:33:56.000+0000"
    },
    {
      "surveyId": 10481,
      "surveyCode": "CPA0102008W2",
      "createdDt": null
    },
    {
      "surveyId": 10599,
      "surveyCode": "CPA0062008W5",
      "createdDt": null
    },
    {
      "surveyId": 10525,
      "surveyCode": "CPA0012008W10",
      "createdDt": null
    },
    {
      "surveyId": 8929,
      "surveyCode": "NPA0172008",
      "createdDt": "2009-01-06T08:45:21.000+0000"
    },
    {
      "surveyId": 9196,
      "surveyCode": "CPA0142009",
      "createdDt": "2009-04-13T12:30:47.000+0000"
    },
    {
      "surveyId": 10618,
      "surveyCode": "CPA0012008W9W9W",
      "createdDt": null
    },
    {
      "surveyId": 10591,
      "surveyCode": "CPA0082008W8",
      "createdDt": null
    },
    {
      "surveyId": 7528,
      "surveyCode": "CPA00328W1",
      "createdDt": "2008-07-01T10:19:40.000+0000"
    },
    {
      "surveyId": 7512,
      "surveyCode": "NPA00927W1",
      "createdDt": "2008-06-30T08:13:33.000+0000"
    },
    {
      "surveyId": 10473,
      "surveyCode": "CPA0022008W2",
      "createdDt": null
    },
    {
      "surveyId": 6428,
      "surveyCode": "CPA0412008",
      "createdDt": "2008-02-12T07:25:17.000+0000"
    },
    {
      "surveyId": 9316,
      "surveyCode": "CPA01909W1",
      "createdDt": "2009-06-02T11:12:14.000+0000"
    },
    {
      "surveyId": 10509,
      "surveyCode": "CPA0072008W1",
      "createdDt": null
    },
    {
      "surveyId": 10647,
      "surveyCode": "CPA0202009W8",
      "createdDt": null
    },
    {
      "surveyId": 8931,
      "surveyCode": "CPA0012009",
      "createdDt": "2009-01-07T08:47:34.000+0000"
    },
    {
      "surveyId": 10275,
      "surveyCode": "RC-CFA41BW1",
      "createdDt": null
    },
    {
      "surveyId": 10568,
      "surveyCode": "CPA0012008W9W5",
      "createdDt": null
    },
    {
      "surveyId": 10526,
      "surveyCode": "CPA0012009W1",
      "createdDt": null
    },
    {
      "surveyId": 6231,
      "surveyCode": "CPA02907W1",
      "createdDt": "2008-01-09T13:33:43.000+0000"
    },
    {
      "surveyId": 7608,
      "surveyCode": "CPA00508W1",
      "createdDt": "2008-07-15T10:30:45.000+0000"
    },
    {
      "surveyId": 10565,
      "surveyCode": "CPA0082008W4",
      "createdDt": null
    },
    {
      "surveyId": 10536,
      "surveyCode": "CPA0012008W9W2",
      "createdDt": null
    },
    {
      "surveyId": 6328,
      "surveyCode": "CPA03608W1",
      "createdDt": "2008-01-28T09:59:38.000+0000"
    },
    {
      "surveyId": 9428,
      "surveyCode": "CPA00609W1",
      "createdDt": "2009-07-27T13:07:55.000+0000"
    },
    {
      "surveyId": 9478,
      "surveyCode": "CPA00808W1",
      "createdDt": "2009-08-18T13:19:23.000+0000"
    },
    {
      "surveyId": 10546,
      "surveyCode": "CPA0042008W8",
      "createdDt": null
    },
    {
      "surveyId": 10492,
      "surveyCode": "CPA0042008W3",
      "createdDt": null
    },
    {
      "surveyId": 10572,
      "surveyCode": "CPA0072009W1",
      "createdDt": null
    },
    {
      "surveyId": 7049,
      "surveyCode": "CPA0502008",
      "createdDt": "2008-04-16T12:16:49.000+0000"
    },
    {
      "surveyId": 10374,
      "surveyCode": "RC-61605W9",
      "createdDt": null
    },
    {
      "surveyId": 7408,
      "surveyCode": "CPA0022008",
      "createdDt": "2008-06-19T05:39:45.000+0000"
    },
    {
      "surveyId": 5648,
      "surveyCode": "NPA0112007",
      "createdDt": "2007-10-11T07:51:34.000+0000"
    },
    {
      "surveyId": 7928,
      "surveyCode": "NPA00808W1",
      "createdDt": "2008-09-10T08:17:11.000+0000"
    },
    {
      "surveyId": 10797,
      "surveyCode": "CPA0452008W9W1",
      "createdDt": null
    },
    {
      "surveyId": 10490,
      "surveyCode": "CPA0052009W2",
      "createdDt": null
    },
    {
      "surveyId": 10818,
      "surveyCode": "NPA0012008W8",
      "createdDt": null
    },
    {
      "surveyId": 10355,
      "surveyCode": "AC-BCW80BW1",
      "createdDt": null
    },
    {
      "surveyId": 10576,
      "surveyCode": "CPA0072008W7",
      "createdDt": null
    },
    {
      "surveyId": 10505,
      "surveyCode": "CPA0142009W3",
      "createdDt": null
    },
    {
      "surveyId": 9102,
      "surveyCode": "CPA0122009",
      "createdDt": "2009-03-25T12:08:12.000+0000"
    },
    {
      "surveyId": 10784,
      "surveyCode": "NPA0012008W2",
      "createdDt": null
    },
    {
      "surveyId": 7148,
      "surveyCode": "CPA0512008",
      "createdDt": "2008-05-06T11:37:27.000+0000"
    },
    {
      "surveyId": 8950,
      "surveyCode": "CPA0022009",
      "createdDt": "2009-01-15T09:04:43.000+0000"
    },
    {
      "surveyId": 7909,
      "surveyCode": "NPA0082008",
      "createdDt": "2008-09-09T11:14:43.000+0000"
    },
    {
      "surveyId": 7428,
      "surveyCode": "NPA0012008",
      "createdDt": "2008-06-19T08:47:00.000+0000"
    },
    {
      "surveyId": 6468,
      "surveyCode": "CPA04108W1",
      "createdDt": "2008-02-14T08:39:30.000+0000"
    },
    {
      "surveyId": 10538,
      "surveyCode": "CPA0062008W2",
      "createdDt": null
    },
    {
      "surveyId": 9449,
      "surveyCode": "CPA00409W1",
      "createdDt": "2009-07-29T09:31:41.000+0000"
    },
    {
      "surveyId": 9175,
      "surveyCode": "CPA0132009",
      "createdDt": "2009-04-03T07:58:37.000+0000"
    },
    {
      "surveyId": 8069,
      "surveyCode": "NPA0112008",
      "createdDt": "2008-09-22T08:35:27.000+0000"
    },
    {
      "surveyId": 8608,
      "surveyCode": "NPA01308W1",
      "createdDt": "2008-11-18T09:50:58.000+0000"
    },
    {
      "surveyId": 7388,
      "surveyCode": "CPA0012008",
      "createdDt": "2008-06-11T08:46:23.000+0000"
    },
    {
      "surveyId": 10753,
      "surveyCode": "CPA0402008W6",
      "createdDt": null
    },
    {
      "surveyId": 9091,
      "surveyCode": "CPA0072009",
      "createdDt": "2009-02-19T09:08:05.000+0000"
    },
    {
      "surveyId": 10566,
      "surveyCode": "CPA0082009W1",
      "createdDt": null
    },
    {
      "surveyId": 5428,
      "surveyCode": "NPA0102007",
      "createdDt": "2007-10-01T14:12:43.000+0000"
    },
    {
      "surveyId": 8288,
      "surveyCode": "NPA0122008",
      "createdDt": "2008-10-09T07:39:10.000+0000"
    },
    {
      "surveyId": 10458,
      "surveyCode": "CPA0012008W4",
      "createdDt": null
    },
    {
      "surveyId": 9182,
      "surveyCode": "CPA014209W",
      "createdDt": "2009-04-14T12:55:11.000+0000"
    },
    {
      "surveyId": 10614,
      "surveyCode": "CPA0202009W2",
      "createdDt": null
    },
    {
      "surveyId": 6330,
      "surveyCode": "CPA0402008",
      "createdDt": "2008-01-28T12:50:30.000+0000"
    },
    {
      "surveyId": 7731,
      "surveyCode": "NPA0042008",
      "createdDt": "2008-08-05T08:59:44.000+0000"
    },
    {
      "surveyId": 6048,
      "surveyCode": "CPA0342007",
      "createdDt": "2007-12-19T08:45:07.000+0000"
    },
    {
      "surveyId": 10513,
      "surveyCode": "CPA0082008W2",
      "createdDt": null
    },
    {
      "surveyId": 6368,
      "surveyCode": "CPA03908W1",
      "createdDt": "2008-01-30T13:48:50.000+0000"
    },
    {
      "surveyId": 10423,
      "surveyCode": null,
      "createdDt": null
    },
    {
      "surveyId": 10561,
      "surveyCode": "CPA0012008W9W3",
      "createdDt": null
    },
    {
      "surveyId": 10616,
      "surveyCode": "CPA0202009W4",
      "createdDt": null
    },
    {
      "surveyId": 10578,
      "surveyCode": "CPA0082008W7",
      "createdDt": null
    },
    {
      "surveyId": 7989,
      "surveyCode": "NPA00908W1",
      "createdDt": "2008-09-16T10:51:08.000+0000"
    },
    {
      "surveyId": 8088,
      "surveyCode": "NPA01008W1",
      "createdDt": "2008-09-23T11:26:07.000+0000"
    },
    {
      "surveyId": 8570,
      "surveyCode": "NPA0132008",
      "createdDt": "2008-11-11T07:56:03.000+0000"
    },
    {
      "surveyId": 7869,
      "surveyCode": "NPA00708W1",
      "createdDt": "2008-09-03T10:10:56.000+0000"
    },
    {
      "surveyId": 10772,
      "surveyCode": "CPA0452008W5",
      "createdDt": null
    },
    {
      "surveyId": 7108,
      "surveyCode": "CPA05008W1",
      "createdDt": "2008-04-29T15:17:30.000+0000"
    },
    {
      "surveyId": 7129,
      "surveyCode": "CPA05108W1",
      "createdDt": "2008-05-06T12:54:16.000+0000"
    },
    {
      "surveyId": 10574,
      "surveyCode": "CPA0012008W9W6",
      "createdDt": null
    },
    {
      "surveyId": 10429,
      "surveyCode": "RC1CPV41W2",
      "createdDt": null
    },
    {
      "surveyId": 10641,
      "surveyCode": "CPA0202009W6",
      "createdDt": null
    },
    {
      "surveyId": 7851,
      "surveyCode": "NPA0072008",
      "createdDt": "2008-08-26T10:01:36.000+0000"
    },
    {
      "surveyId": 10824,
      "surveyCode": "CPA0452008W9W5",
      "createdDt": null
    },
    {
      "surveyId": 7268,
      "surveyCode": "CPA05308W1",
      "createdDt": "2008-05-20T13:01:30.000+0000"
    },
    {
      "surveyId": 6788,
      "surveyCode": "CPA04508W1",
      "createdDt": "2008-03-12T08:26:19.000+0000"
    },
    {
      "surveyId": 10549,
      "surveyCode": "CPA0042008W9W2",
      "createdDt": null
    },
    {
      "surveyId": 10370,
      "surveyCode": "AC-61678BW1",
      "createdDt": null
    },
    {
      "surveyId": 10467,
      "surveyCode": "CPA0012008W8",
      "createdDt": null
    },
    {
      "surveyId": 10517,
      "surveyCode": "CPA0092008W4",
      "createdDt": null
    },
    {
      "surveyId": 8408,
      "surveyCode": "CPA0102008",
      "createdDt": "2008-10-23T08:14:56.000+0000"
    },
    {
      "surveyId": 10770,
      "surveyCode": "CPA0452008W3",
      "createdDt": null
    },
    {
      "surveyId": 7628,
      "surveyCode": "CPA0062008",
      "createdDt": "2008-07-17T07:47:21.000+0000"
    },
    {
      "surveyId": 9476,
      "surveyCode": "NPA01108W1",
      "createdDt": "2009-08-12T08:45:54.000+0000"
    },
    {
      "surveyId": 10612,
      "surveyCode": "CPA0052009W5",
      "createdDt": null
    },
    {
      "surveyId": 7548,
      "surveyCode": "CPA00408W1",
      "createdDt": "2008-07-08T11:22:21.000+0000"
    },
    {
      "surveyId": 10530,
      "surveyCode": "CPA0092008W7",
      "createdDt": null
    },
    {
      "surveyId": 9329,
      "surveyCode": "CPA0182009",
      "createdDt": "2009-05-21T10:02:15.000+0000"
    },
    {
      "surveyId": 10551,
      "surveyCode": "CPA0042008W9W4",
      "createdDt": null
    },
    {
      "surveyId": 8688,
      "surveyCode": "NPA0142008",
      "createdDt": "2008-11-24T10:32:07.000+0000"
    },
    {
      "surveyId": 7348,
      "surveyCode": "CPA0552008",
      "createdDt": "2008-06-02T06:26:16.000+0000"
    },
    {
      "surveyId": 10580,
      "surveyCode": "CPA0092008W8",
      "createdDt": null
    },
    {
      "surveyId": 6235,
      "surveyCode": "CPA03307W1",
      "createdDt": "2008-01-10T08:04:23.000+0000"
    },
    {
      "surveyId": 10469,
      "surveyCode": "CPA0012008W10",
      "createdDt": null
    },
    {
      "surveyId": 10290,
      "surveyCode": "IN3CVP03W3",
      "createdDt": null
    },
    {
      "surveyId": 10570,
      "surveyCode": "CPA0082009W2",
      "createdDt": null
    },
    {
      "surveyId": 5968,
      "surveyCode": "CPA0312007",
      "createdDt": "2007-12-05T09:40:17.000+0000"
    },
    {
      "surveyId": 10524,
      "surveyCode": "CPA0092009W1",
      "createdDt": null
    },
    {
      "surveyId": 9348,
      "surveyCode": "CPA01009W1",
      "createdDt": "2009-06-17T07:42:04.000+0000"
    },
    {
      "surveyId": 10454,
      "surveyCode": "CPA0012008W1",
      "createdDt": null
    },
    {
      "surveyId": 10484,
      "surveyCode": "CPA0142009W1",
      "createdDt": null
    },
    {
      "surveyId": 6488,
      "surveyCode": "CPA0432008",
      "createdDt": "2008-02-15T06:03:06.000+0000"
    },
    {
      "surveyId": 10456,
      "surveyCode": "CPA0012008W2",
      "createdDt": null
    },
    {
      "surveyId": 7672,
      "surveyCode": "NPA0032008",
      "createdDt": "2008-07-24T08:36:56.000+0000"
    },
    {
      "surveyId": 10528,
      "surveyCode": "CPA0012008W10",
      "createdDt": null
    },
    {
      "surveyId": 9350,
      "surveyCode": "CPA00809W1",
      "createdDt": "2009-06-17T14:16:50.000+0000"
    },
    {
      "surveyId": 6288,
      "surveyCode": "CPA0382008",
      "createdDt": "2008-01-22T10:54:26.000+0000"
    },
    {
      "surveyId": 10545,
      "surveyCode": "CPA0042008W7",
      "createdDt": null
    },
    {
      "surveyId": 8568,
      "surveyCode": "CPA0112008",
      "createdDt": "2008-11-11T04:51:49.000+0000"
    },
    {
      "surveyId": 6269,
      "surveyCode": "CPA0362008",
      "createdDt": "2008-01-22T09:29:21.000+0000"
    },
    {
      "surveyId": 10648,
      "surveyCode": "CPA0202009W9",
      "createdDt": null
    },
    {
      "surveyId": 9531,
      "surveyCode": "CPA02909W1",
      "createdDt": "2009-09-18T11:37:08.000+0000"
    },
    {
      "surveyId": 7468,
      "surveyCode": "CPA0042008",
      "createdDt": "2008-06-27T06:03:20.000+0000"
    },
    {
      "surveyId": 10547,
      "surveyCode": "CPA0042008W9",
      "createdDt": null
    },
    {
      "surveyId": 7188,
      "surveyCode": "CPA0532008",
      "createdDt": "2008-05-09T09:23:49.000+0000"
    },
    {
      "surveyId": 10555,
      "surveyCode": "CPA0042009W2",
      "createdDt": null
    },
    {
      "surveyId": 10595,
      "surveyCode": "CPA0062008W4",
      "createdDt": null
    },
    {
      "surveyId": 10751,
      "surveyCode": "CPA0402008W4",
      "createdDt": null
    },
    {
      "surveyId": 9451,
      "surveyCode": "CPA00309W1",
      "createdDt": "2009-07-30T14:51:05.000+0000"
    },
    {
      "surveyId": 10383,
      "surveyCode": "RC-AGC10B",
      "createdDt": null
    },
    {
      "surveyId": 10646,
      "surveyCode": "CPA0202009W7",
      "createdDt": null
    },
    {
      "surveyId": 10793,
      "surveyCode": "CPA0452008W8",
      "createdDt": null
    },
    {
      "surveyId": 7529,
      "surveyCode": "CPA0052008",
      "createdDt": "2008-07-02T09:05:51.000+0000"
    },
    {
      "surveyId": 10774,
      "surveyCode": "CPA0452008W7",
      "createdDt": null
    },
    {
      "surveyId": 10610,
      "surveyCode": "CPA0122008W1",
      "createdDt": null
    },
    {
      "surveyId": 10789,
      "surveyCode": "NPA0012008W7",
      "createdDt": null
    },
    {
      "surveyId": 10747,
      "surveyCode": "CPA0402008W2",
      "createdDt": null
    },
    {
      "surveyId": 10808,
      "surveyCode": "CPA0402008W7",
      "createdDt": null
    },
    {
      "surveyId": 6469,
      "surveyCode": "CPA0422008",
      "createdDt": "2008-02-14T09:02:15.000+0000"
    },
    {
      "surveyId": 10564,
      "surveyCode": "CPA0082008W3",
      "createdDt": null
    },
    {
      "surveyId": 10604,
      "surveyCode": "CPA0032009W1",
      "createdDt": null
    },
    {
      "surveyId": 6448,
      "surveyCode": "CPA04008W1",
      "createdDt": "2008-02-13T11:16:31.000+0000"
    },
    {
      "surveyId": 10486,
      "surveyCode": "CPA0022009W2",
      "createdDt": null
    },
    {
      "surveyId": 10482,
      "surveyCode": "CPA0032008W1",
      "createdDt": null
    },
    {
      "surveyId": 8728,
      "surveyCode": "CPA01308W1",
      "createdDt": "2008-12-02T09:55:32.000+0000"
    },
    {
      "surveyId": 8648,
      "surveyCode": "CPA0132008",
      "createdDt": "2008-11-20T08:29:34.000+0000"
    },
    {
      "surveyId": 10543,
      "surveyCode": "CPA0042008W5",
      "createdDt": null
    }
  ]